<!--
// v0 by Vercel.
// https://v0.dev/t/PfIhVP5krmt
-->

<div class="flex min-h-screen w-full flex-col bg-background dark:bg-[#1a1b1e]">
  <header class="sticky top-0 z-30 flex h-16 items-center justify-between border-b border-b-[#2c2d30] bg-background dark:bg-[#1a1b1e] px-4 sm:px-6">
    <a class="flex items-center gap-2" href="#">
      <svg
        xmlns="http://www.w3.org/2000/svg"
        width="24"
        height="24"
        viewBox="0 0 24 24"
        fill="none"
        stroke="currentColor"
        stroke-width="2"
        stroke-linecap="round"
        stroke-linejoin="round"
        class="h-6 w-6 text-primary dark:text-primary-foreground"
      >
        <path d="m8 3 4 8 5-5 5 15H2L8 3z"></path>
      </svg>
      <span class="text-lg font-semibold text-primary dark:text-primary-foreground">Acme SaaS</span>
    </a>
    <nav class="flex items-center gap-4">
      <button
        class="inline-flex items-center justify-center whitespace-nowrap text-sm font-medium ring-offset-background transition-colors focus-visible:outline-none focus-visible:ring-2 focus-visible:ring-ring focus-visible:ring-offset-2 disabled:pointer-events-none disabled:opacity-50 hover:bg-accent hover:text-accent-foreground h-10 w-10 rounded-full ring-2 ring-primary dark:ring-primary-foreground"
        type="button"
        id="radix-:re:"
        aria-haspopup="menu"
        aria-expanded="false"
        data-state="closed"
      >
        <img
          src="/placeholder.svg"
          width="36"
          height="36"
          alt="Avatar"
          class="rounded-full"
          style="aspect-ratio: 36 / 36; object-fit: cover;"
        />
      </button>
    </nav>
  </header>
  <div class="flex flex-1">
    <aside class="hidden w-16 flex-col border-r border-r-[#2c2d30] bg-background dark:bg-[#1a1b1e] p-4 sm:flex">
      <nav class="flex flex-col items-center gap-4">
        <a
          class="flex h-10 w-10 items-center justify-center rounded-lg bg-primary text-primary-foreground transition-colors hover:bg-primary/90 ring-2 ring-primary dark:ring-primary-foreground"
          href="#"
        >
          <svg
            xmlns="http://www.w3.org/2000/svg"
            width="24"
            height="24"
            viewBox="0 0 24 24"
            fill="none"
            stroke="currentColor"
            stroke-width="2"
            stroke-linecap="round"
            stroke-linejoin="round"
            class="h-5 w-5"
          >
            <path d="m8 3 4 8 5-5 5 15H2L8 3z"></path>
          </svg>
        </a>
        <a
          class="flex h-10 w-10 items-center justify-center rounded-lg text-muted-foreground transition-colors hover:bg-muted dark:hover:bg-[#2c2d30] ring-2 ring-primary dark:ring-primary-foreground"
          data-state="closed"
          href="#"
        >
          <svg
            xmlns="http://www.w3.org/2000/svg"
            width="24"
            height="24"
            viewBox="0 0 24 24"
            fill="none"
            stroke="currentColor"
            stroke-width="2"
            stroke-linecap="round"
            stroke-linejoin="round"
            class="h-5 w-5"
          >
            <path d="m3 9 9-7 9 7v11a2 2 0 0 1-2 2H5a2 2 0 0 1-2-2z"></path>
            <polyline points="9 22 9 12 15 12 15 22"></polyline>
          </svg>
        </a>
        <a
          class="flex h-10 w-10 items-center justify-center rounded-lg text-muted-foreground transition-colors hover:bg-muted dark:hover:bg-[#2c2d30] ring-2 ring-primary dark:ring-primary-foreground"
          data-state="closed"
          href="#"
        >
          <svg
            xmlns="http://www.w3.org/2000/svg"
            width="24"
            height="24"
            viewBox="0 0 24 24"
            fill="none"
            stroke="currentColor"
            stroke-width="2"
            stroke-linecap="round"
            stroke-linejoin="round"
            class="h-5 w-5"
          >
            <line x1="12" x2="12" y1="20" y2="10"></line>
            <line x1="18" x2="18" y1="20" y2="4"></line>
            <line x1="6" x2="6" y1="20" y2="16"></line>
          </svg>
        </a>
        <a
          class="flex h-10 w-10 items-center justify-center rounded-lg text-muted-foreground transition-colors hover:bg-muted dark:hover:bg-[#2c2d30] ring-2 ring-primary dark:ring-primary-foreground"
          data-state="closed"
          href="#"
        >
          <svg
            xmlns="http://www.w3.org/2000/svg"
            width="24"
            height="24"
            viewBox="0 0 24 24"
            fill="none"
            stroke="currentColor"
            stroke-width="2"
            stroke-linecap="round"
            stroke-linejoin="round"
            class="h-5 w-5"
          >
            <path d="M16 21v-2a4 4 0 0 0-4-4H6a4 4 0 0 0-4 4v2"></path>
            <circle cx="9" cy="7" r="4"></circle>
            <path d="M22 21v-2a4 4 0 0 0-3-3.87"></path>
            <path d="M16 3.13a4 4 0 0 1 0 7.75"></path>
          </svg>
        </a>
        <a
          class="flex h-10 w-10 items-center justify-center rounded-lg text-muted-foreground transition-colors hover:bg-muted dark:hover:bg-[#2c2d30] ring-2 ring-primary dark:ring-primary-foreground"
          data-state="closed"
          href="#"
        >
          <svg
            xmlns="http://www.w3.org/2000/svg"
            width="24"
            height="24"
            viewBox="0 0 24 24"
            fill="none"
            stroke="currentColor"
            stroke-width="2"
            stroke-linecap="round"
            stroke-linejoin="round"
            class="h-5 w-5"
          >
            <path d="m7.5 4.27 9 5.15"></path>
            <path d="M21 8a2 2 0 0 0-1-1.73l-7-4a2 2 0 0 0-2 0l-7 4A2 2 0 0 0 3 8v8a2 2 0 0 0 1 1.73l7 4a2 2 0 0 0 2 0l7-4A2 2 0 0 0 21 16Z"></path>
            <path d="m3.3 7 8.7 5 8.7-5"></path>
            <path d="M12 22V12"></path>
          </svg>
        </a>
        <a
          class="flex h-10 w-10 items-center justify-center rounded-lg text-muted-foreground transition-colors hover:bg-muted dark:hover:bg-[#2c2d30] ring-2 ring-primary dark:ring-primary-foreground"
          data-state="closed"
          href="#"
        >
          <svg
            xmlns="http://www.w3.org/2000/svg"
            width="24"
            height="24"
            viewBox="0 0 24 24"
            fill="none"
            stroke="currentColor"
            stroke-width="2"
            stroke-linecap="round"
            stroke-linejoin="round"
            class="h-5 w-5"
          >
            <path d="M12.22 2h-.44a2 2 0 0 0-2 2v.18a2 2 0 0 1-1 1.73l-.43.25a2 2 0 0 1-2 0l-.15-.08a2 2 0 0 0-2.73.73l-.22.38a2 2 0 0 0 .73 2.73l.15.1a2 2 0 0 1 1 1.72v.51a2 2 0 0 1-1 1.74l-.15.09a2 2 0 0 0-.73 2.73l.22.38a2 2 0 0 0 2.73.73l.15-.08a2 2 0 0 1 2 0l.43.25a2 2 0 0 1 1 1.73V20a2 2 0 0 0 2 2h.44a2 2 0 0 0 2-2v-.18a2 2 0 0 1 1-1.73l.43-.25a2 2 0 0 1 2 0l.15.08a2 2 0 0 0 2.73-.73l.22-.39a2 2 0 0 0-.73-2.73l-.15-.08a2 2 0 0 1-1-1.74v-.5a2 2 0 0 1 1-1.74l.15-.09a2 2 0 0 0 .73-2.73l-.22-.38a2 2 0 0 0-2.73-.73l-.15.08a2 2 0 0 1-2 0l-.43-.25a2 2 0 0 1-1-1.73V4a2 2 0 0 0-2-2z"></path>
            <circle cx="12" cy="12" r="3"></circle>
          </svg>
        </a>
      </nav>
    </aside>
    <div class="flex flex-1 flex-col">
      <main class="flex-1 p-4 sm:p-6">
        <div class="grid grid-cols-1 gap-6 sm:grid-cols-2 lg:grid-cols-3">
          <div
            class="rounded-lg border bg-card text-card-foreground shadow-sm ring-2 ring-primary dark:ring-primary-foreground"
            data-v0-t="card"
          >
            <div class="flex-col space-y-1.5 p-6 flex items-center justify-between">
              <h3 class="whitespace-nowrap text-2xl font-semibold leading-none tracking-tight text-primary dark:text-primary-foreground">
                Total Revenue
              </h3>
              <svg
                xmlns="http://www.w3.org/2000/svg"
                width="24"
                height="24"
                viewBox="0 0 24 24"
                fill="none"
                stroke="currentColor"
                stroke-width="2"
                stroke-linecap="round"
                stroke-linejoin="round"
                class="h-5 w-5 text-muted-foreground dark:text-muted-foreground"
              >
                <line x1="12" x2="12" y1="2" y2="22"></line>
                <path d="M17 5H9.5a3.5 3.5 0 0 0 0 7h5a3.5 3.5 0 0 1 0 7H6"></path>
              </svg>
            </div>
            <div class="p-6">
              <div class="text-3xl font-bold text-primary dark:text-primary-foreground">$45,231.89</div>
              <p class="text-sm text-muted-foreground dark:text-muted-foreground">+20.1% from last month</p>
            </div>
          </div>
          <div
            class="rounded-lg border bg-card text-card-foreground shadow-sm ring-2 ring-primary dark:ring-primary-foreground"
            data-v0-t="card"
          >
            <div class="flex-col space-y-1.5 p-6 flex items-center justify-between">
              <h3 class="whitespace-nowrap text-2xl font-semibold leading-none tracking-tight text-primary dark:text-primary-foreground">
                Subscriptions
              </h3>
              <svg
                xmlns="http://www.w3.org/2000/svg"
                width="24"
                height="24"
                viewBox="0 0 24 24"
                fill="none"
                stroke="currentColor"
                stroke-width="2"
                stroke-linecap="round"
                stroke-linejoin="round"
                class="h-5 w-5 text-muted-foreground dark:text-muted-foreground"
              >
                <path d="M16 21v-2a4 4 0 0 0-4-4H6a4 4 0 0 0-4 4v2"></path>
                <circle cx="9" cy="7" r="4"></circle>
                <path d="M22 21v-2a4 4 0 0 0-3-3.87"></path>
                <path d="M16 3.13a4 4 0 0 1 0 7.75"></path>
              </svg>
            </div>
            <div class="p-6">
              <div class="text-3xl font-bold text-primary dark:text-primary-foreground">+2,350</div>
              <p class="text-sm text-muted-foreground dark:text-muted-foreground">+180.1% from last month</p>
            </div>
          </div>
          <div
            class="rounded-lg border bg-card text-card-foreground shadow-sm ring-2 ring-primary dark:ring-primary-foreground"
            data-v0-t="card"
          >
            <div class="flex-col space-y-1.5 p-6 flex items-center justify-between">
              <h3 class="whitespace-nowrap text-2xl font-semibold leading-none tracking-tight text-primary dark:text-primary-foreground">
                Sales
              </h3>
              <svg
                xmlns="http://www.w3.org/2000/svg"
                width="24"
                height="24"
                viewBox="0 0 24 24"
                fill="none"
                stroke="currentColor"
                stroke-width="2"
                stroke-linecap="round"
                stroke-linejoin="round"
                class="h-5 w-5 text-muted-foreground dark:text-muted-foreground"
              >
                <rect width="20" height="14" x="2" y="5" rx="2"></rect>
                <line x1="2" x2="22" y1="10" y2="10"></line>
              </svg>
            </div>
            <div class="p-6">
              <div class="text-3xl font-bold text-primary dark:text-primary-foreground">+12,234</div>
              <p class="text-sm text-muted-foreground dark:text-muted-foreground">+19% from last month</p>
            </div>
          </div>
          <div
            class="rounded-lg border bg-card text-card-foreground shadow-sm ring-2 ring-primary dark:ring-primary-foreground"
            data-v0-t="card"
          >
            <div class="flex-col space-y-1.5 p-6 flex items-center justify-between">
              <h3 class="whitespace-nowrap text-2xl font-semibold leading-none tracking-tight text-primary dark:text-primary-foreground">
                Active Now
              </h3>
              <svg
                xmlns="http://www.w3.org/2000/svg"
                width="24"
                height="24"
                viewBox="0 0 24 24"
                fill="none"
                stroke="currentColor"
                stroke-width="2"
                stroke-linecap="round"
                stroke-linejoin="round"
                class="h-5 w-5 text-muted-foreground dark:text-muted-foreground"
              >
                <path d="M22 12h-2.48a2 2 0 0 0-1.93 1.46l-2.35 8.36a.25.25 0 0 1-.48 0L9.24 2.18a.25.25 0 0 0-.48 0l-2.35 8.36A2 2 0 0 1 4.49 12H2"></path>
              </svg>
            </div>
            <div class="p-6">
              <div class="text-3xl font-bold text-primary dark:text-primary-foreground">+573</div>
              <p class="text-sm text-muted-foreground dark:text-muted-foreground">+201 since last hour</p>
            </div>
          </div>
          <div
            class="rounded-lg border bg-card text-card-foreground shadow-sm col-span-1 sm:col-span-2 lg:col-span-3 ring-2 ring-primary dark:ring-primary-foreground"
            data-v0-t="card"
          >
            <div class="flex flex-col space-y-1.5 p-6">
              <h3 class="whitespace-nowrap text-2xl font-semibold leading-none tracking-tight text-primary dark:text-primary-foreground">
                Recent Orders
              </h3>
            </div>
            <div class="p-6">
              <div class="relative w-full overflow-auto">
                <table class="w-full caption-bottom text-sm">
                  <thead class="[&amp;_tr]:border-b">
                    <tr class="border-b transition-colors hover:bg-muted/50 data-[state=selected]:bg-muted">
                      <th class="h-12 px-4 text-left align-middle font-medium [&amp;:has([role=checkbox])]:pr-0 text-primary dark:text-primary-foreground">
                        Invoice
                      </th>
                      <th class="h-12 px-4 text-left align-middle font-medium [&amp;:has([role=checkbox])]:pr-0 text-primary dark:text-primary-foreground">
                        Status
                      </th>
                      <th class="h-12 px-4 text-left align-middle font-medium [&amp;:has([role=checkbox])]:pr-0 text-primary dark:text-primary-foreground">
                        Method
                      </th>
                      <th class="h-12 px-4 align-middle font-medium [&amp;:has([role=checkbox])]:pr-0 text-right text-primary dark:text-primary-foreground">
                        Amount
                      </th>
                    </tr>
                  </thead>
                  <tbody class="[&amp;_tr:last-child]:border-0">
                    <tr class="border-b transition-colors hover:bg-muted/50 data-[state=selected]:bg-muted">
                      <td class="p-4 align-middle [&amp;:has([role=checkbox])]:pr-0 font-medium text-primary dark:text-primary-foreground">
                        INV001
                      </td>
                      <td class="p-4 align-middle [&amp;:has([role=checkbox])]:pr-0">
                        <div
                          class="inline-flex w-fit items-center whitespace-nowrap rounded-full border px-2.5 py-0.5 text-xs font-semibold transition-colors focus:outline-none focus:ring-2 focus:ring-ring focus:ring-offset-2 border-transparent bg-secondary hover:bg-secondary/80 text-primary dark:text-primary-foreground"
                          data-v0-t="badge"
                        >
                          Paid
                        </div>
                      </td>
                      <td class="p-4 align-middle [&amp;:has([role=checkbox])]:pr-0 text-primary dark:text-primary-foreground">
                        Credit Card
                      </td>
                      <td class="p-4 align-middle [&amp;:has([role=checkbox])]:pr-0 text-right text-primary dark:text-primary-foreground">
                        $250.00
                      </td>
                    </tr>
                    <tr class="border-b transition-colors hover:bg-muted/50 data-[state=selected]:bg-muted">
                      <td class="p-4 align-middle [&amp;:has([role=checkbox])]:pr-0 font-medium text-primary dark:text-primary-foreground">
                        INV002
                      </td>
                      <td class="p-4 align-middle [&amp;:has([role=checkbox])]:pr-0">
                        <div
                          class="inline-flex w-fit items-center whitespace-nowrap rounded-full border px-2.5 py-0.5 text-xs font-semibold transition-colors focus:outline-none focus:ring-2 focus:ring-ring focus:ring-offset-2 text-primary dark:text-primary-foreground"
                          data-v0-t="badge"
                        >
                          Pending
                        </div>
                      </td>
                      <td class="p-4 align-middle [&amp;:has([role=checkbox])]:pr-0 text-primary dark:text-primary-foreground">
                        PayPal
                      </td>
                      <td class="p-4 align-middle [&amp;:has([role=checkbox])]:pr-0 text-right text-primary dark:text-primary-foreground">
                        $150.00
                      </td>
                    </tr>
                    <tr class="border-b transition-colors hover:bg-muted/50 data-[state=selected]:bg-muted">
                      <td class="p-4 align-middle [&amp;:has([role=checkbox])]:pr-0 font-medium text-primary dark:text-primary-foreground">
                        INV003
                      </td>
                      <td class="p-4 align-middle [&amp;:has([role=checkbox])]:pr-0">
                        <div
                          class="inline-flex w-fit items-center whitespace-nowrap rounded-full border px-2.5 py-0.5 text-xs font-semibold transition-colors focus:outline-none focus:ring-2 focus:ring-ring focus:ring-offset-2 text-primary dark:text-primary-foreground"
                          data-v0-t="badge"
                        >
                          Unpaid
                        </div>
                      </td>
                      <td class="p-4 align-middle [&amp;:has([role=checkbox])]:pr-0 text-primary dark:text-primary-foreground">
                        Bank Transfer
                      </td>
                      <td class="p-4 align-middle [&amp;:has([role=checkbox])]:pr-0 text-right text-primary dark:text-primary-foreground">
                        $350.00
                      </td>
                    </tr>
                    <tr class="border-b transition-colors hover:bg-muted/50 data-[state=selected]:bg-muted">
                      <td class="p-4 align-middle [&amp;:has([role=checkbox])]:pr-0 font-medium text-primary dark:text-primary-foreground">
                        INV004
                      </td>
                      <td class="p-4 align-middle [&amp;:has([role=checkbox])]:pr-0">
                        <div
                          class="inline-flex w-fit items-center whitespace-nowrap rounded-full border px-2.5 py-0.5 text-xs font-semibold transition-colors focus:outline-none focus:ring-2 focus:ring-ring focus:ring-offset-2 border-transparent bg-secondary hover:bg-secondary/80 text-primary dark:text-primary-foreground"
                          data-v0-t="badge"
                        >
                          Paid
                        </div>
                      </td>
                      <td class="p-4 align-middle [&amp;:has([role=checkbox])]:pr-0 text-primary dark:text-primary-foreground">
                        Credit Card
                      </td>
                      <td class="p-4 align-middle [&amp;:has([role=checkbox])]:pr-0 text-right text-primary dark:text-primary-foreground">
                        $450.00
                      </td>
                    </tr>
                    <tr class="border-b transition-colors hover:bg-muted/50 data-[state=selected]:bg-muted">
                      <td class="p-4 align-middle [&amp;:has([role=checkbox])]:pr-0 font-medium text-primary dark:text-primary-foreground">
                        INV005
                      </td>
                      <td class="p-4 align-middle [&amp;:has([role=checkbox])]:pr-0">
                        <div
                          class="inline-flex w-fit items-center whitespace-nowrap rounded-full border px-2.5 py-0.5 text-xs font-semibold transition-colors focus:outline-none focus:ring-2 focus:ring-ring focus:ring-offset-2 border-transparent bg-secondary hover:bg-secondary/80 text-primary dark:text-primary-foreground"
                          data-v0-t="badge"
                        >
                          Paid
                        </div>
                      </td>
                      <td class="p-4 align-middle [&amp;:has([role=checkbox])]:pr-0 text-primary dark:text-primary-foreground">
                        PayPal
                      </td>
                      <td class="p-4 align-middle [&amp;:has([role=checkbox])]:pr-0 text-right text-primary dark:text-primary-foreground">
                        $550.00
                      </td>
                    </tr>
                  </tbody>
                </table>
              </div>
            </div>
          </div>
        </div>
      </main>
    </div>
  </div>
</div>